metadata	feature	value	coef	stderr	N	N.not.0	pval	qval
Cestode.index	seq44	.L	0.0108441333305026	0.00264174133438365	30	4	0.000466952681147507	0.104597400577042
Cestode.index	seq3	.L	-0.204913088594566	0.0683552573314172	30	28	0.00662884189895846	0.247476764227783
Cestode.index	seq6	.L	0.270588789227639	0.081719946006616	30	24	0.00317673015215532	0.247476764227783
Cestode.index	seq20	.L	0.0217495213092304	0.00714709653681161	30	10	0.00596621792270896	0.247476764227783
Cestode.index	seq36	.L	0.0122752051755343	0.00401217514116164	30	7	0.00574322268226485	0.247476764227783
Cestode.index	seq44	.Q	0.00830686132254441	0.00261923522462895	30	4	0.00441890404430527	0.247476764227783
